{"count":1,"self":23.324644799999998,"total":24.2692922,"children":{"InitializeActuators":{"count":3,"self":0.0040019999999999995,"total":0.0040019999999999995,"children":null},"InitializeSensors":{"count":3,"self":0.0039994,"total":0.0039994,"children":null},"AgentSendState":{"count":820,"self":0.0119496,"total":0.06987,"children":{"CollectObservations":{"count":492,"self":0.029906199999999997,"total":0.029906199999999997,"children":null},"WriteActionMask":{"count":492,"self":0.0020011,"total":0.0020011,"children":null},"RequestDecision":{"count":492,"self":0.026013099999999997,"total":0.026013099999999997,"children":null}}},"DecideAction":{"count":820,"self":0.84483409999999992,"total":0.84483409999999992,"children":null},"AgentAct":{"count":820,"self":0.020942199999999998,"total":0.020942199999999998,"children":null}},"gauges":{"ArcadeDriver.CumulativeReward":{"count":33,"max":25.0035934,"min":-10.9295416,"runningAverage":-2.62241244,"value":-1.01594365,"weightedAverage":1.74808943}},"metadata":{"timer_format_version":"0.1.0","start_time_seconds":"1660579220","unity_version":"2021.3.7f1","command_line_arguments":"C:\\Program Files\\Unity\\Hub\\Editor\\2021.3.7f1\\Editor\\Unity.exe -projectpath C:\\Users\\Brend\\OneDrive\\UnityProjects\\Karting-Microgame -useHub -hubIPC -cloudEnvironment production -licensingIpc LicenseClient-Brend -hubSessionId 8a477a20-1c8d-11ed-81ad-c73d500f11ac -accessToken -lue3ig6-877LodGl-tu8wMCG5KsDQhi7_zutEkDizk00ff","communication_protocol_version":"1.5.0","com.unity.ml-agents_version":"2.0.1","scene_name":"MainScene","end_time_seconds":"1660579244"}}